가게이름,카테고리,전체평점,방문자리뷰,블로그리뷰,리뷰작성자,리뷰작성자링크,리뷰작성수,팔로워,첨부이미지,리뷰내용,이런_점이_좋아요,방문시간,방분횟수,방문인증
온아워오프,"카페,디저트",,,,sjiminim,https://m.place.naver.com/my/64bdf3ee556ccd0006caddc7/review?v=2,202,34.0,,"노원 공릉에 위치한 아기자기 하고 여유로운 동네카페입니다.
직접 디저트를 만드셔서 좋은 특히 소금빵 샌드위치 이거 진짜 맛있어서 추가로 포장해서  왔어요!
주차가 아쉽긴 하지만 동네카페이기 때문에 여유로운 분위기가 좋습니다.
소금도 프랑스산을 쓴다고 하고 샌드위치도 일반적인
샌드위치가 아니라서 좋습니다.
음료도 여름에 좋은 자두에이드라던지 메론크림라떼 등
시원하고 청량한 음료도 많아요!
추가적인 정보가 필요하시다면 제 블로그를 확인해 주세요^^


https://m.blog.naver.com/paradise072/223473001167",,2024년 6월 8일 토요일,1번째 방문,영수증
온아워오프,"카페,디저트",,,,에스텔asy,https://m.place.naver.com/my/5f4341d4a602e98f56bbbd10/review?v=2,43,4.0,,카페 내부가 아기자기하고 예뻐요~ 소금빵 먹어보고싶어서 왔는데 품절이라 아쉽네요! 다음번에 재방문 예정입니다!! 만들어주신 버터스카치 라떼와 자두에이드 비주얼도 예쁘고 맛도 좋아요~!! 공릉의 숨겨진 예쁜 카페 등극입니다!,,2024년 6월 25일 화요일,1번째 방문,영수증
온아워오프,"카페,디저트",,,,러블리봄봄봄,https://m.place.naver.com/my/5de243de9ec8258e4a50cfc0/review?v=2,309,5.0,,"소금빵 맛집이자 버터크림라떼 맛집이에요! 소금빵 매니아라서 주말마다 소금빵 투어(?)를 할 정도인데 진심 탑쓰리 안에 들어요! 부드럽고 촉촉하고 과하게 짜지 않고, 뭔가 진실된 맛이랄까? ㅋㅋ 직접 드셔보세요!! 버터크림라떼는 시그니처라서 주문했는데 보기와 다르게 하나도 안 달고 그냥 맛있기만 해서 좋았어요. 인테리어도 예쁘고, 사장님도 친절하셔서 종종 들리고 싶어요:)",,2024년 6월 22일 토요일,1번째 방문,영수증
온아워오프,"카페,디저트",,,,테유,https://m.place.naver.com/my/5cd2f73d8f87a842bc719e38/review?v=2,726,13.0,,"소금빵 샌드위치맛집 입니다! 🧂 🥐 🥪 
자두에이드 꼭 드셔보세요~ 
자두알맹이가 씹히는 찐자두에이드~~~~  🍒 
완전 취향저격! ✔️  👍 
아 여기 메론크림라떼도 맛있어요!! ☕️ 
사장님두 예쁘시고 친절하세요~ 😀😃😄😁
",,2024년 6월 7일 금요일,1번째 방문,영수증
온아워오프,"카페,디저트",,,,im me,https://m.place.naver.com/my/5ec202a08f87a842bc28a91d/review?v=2,1008,6.0,,"소금빵 샌드위치가 너무 맛있던 공릉역카페예요🫶🏻
브런치로 먹기 딱 좋아요~ 음료와 디저트 모두 자극적이지 않아서 계속 손이 가더라고요:) 
반려동물 동반 가능해서 경춘선숲길 산책하다가 가기 좋을 거 같아요~~
",,2024년 5월 11일 토요일,1번째 방문,영수증
온아워오프,"카페,디저트",,,,도희DD,https://m.place.naver.com/my/5c4455222e176d426ea05a29/review?v=2,697,63.0,,날씨 좋은 날 방문하기 너무 좋았던 카페. 커피 음료 모두 맛있고 커피랑 곁들여 먹기 좋은 다양한 제과제빵이 있어요.:) 부드러운 머핀과 소금 빵 부모님이 좋아하셨어요! 아기자기한 공간으로 힐링으로 오기 좋아요♥️,,2024년 5월 18일 토요일,1번째 방문,영수증
온아워오프,"카페,디저트",,,,찌이잉잉,https://m.place.naver.com/my/5b63513f54126c5c998bee85/review?v=2,133,,,"조용하고 숨겨진 공릉 카페입니다 사장님도 친절하시고 커피도 맛있고 소금빵 도랏 특히 샌드위치 소스가 도라방스 존맛임 가성비도 좋고 카페가 되게 편해요

맛있고 예쁘고 분위기 좋고 먹으면서 계속 여기 또 오자 했어요 공릉 카페 중에서 거의 유일하게 재방문의사 있는 곳!!!!!",,2024년 6월 11일 화요일,1번째 방문,영수증
온아워오프,"카페,디저트",,,,Namuz,https://m.place.naver.com/my/6384c0a41438fc3a9ccb4bb0/review?v=2,23,,,공릉동에 이렇게 예쁜 카페가 있는 줄 몰랐네요~인테리어 너무 감성있고 따뜻한 느낌이고 의자도 귀엽고 편안해요. 시그니처 음료 부드럽고 너무 맛있구요 일반 라떼도 맛있을 것 같아요! 디저트는 에그타르트랑 밤마들렌 먹어봤는데 사장님이 직접 만드셔서 넘넘 맛있었어요ㅠㅠ공릉역 카페 추천해요🫶,,2024년 5월 23일 목요일,1번째 방문,영수증
온아워오프,"카페,디저트",,,,나라올라888,https://m.place.naver.com/my/5cc17457ea9cf31c749daef8/review?v=2,750,23.0,,"새로 오픈한 공릉 신상 카페입니다.
커피맛도 좋고 디저트도 맛나요.
특히 에그타르트가 맛있어요.
창문보고 앉아 커피 마시고 수다떨고 노트북 하다 오면 딱 좋은 공간.
사장님도 친절하시고요.😃😃😃",,2024년 5월 22일 수요일,1번째 방문,영수증
온아워오프,"카페,디저트",,,,누들이이잉,https://m.place.naver.com/my/5e04517d8f87a842bc34fa17/review?v=2,41,,,진짜 자두과육이 씹히는 자두에이드 꼭 드셔보세요 너무 맛있어요! 시그니처 버터크림라떼는 말해모해~ 소금빵과 에그타르트도 두말하면 입아픕미다~¡ 분위기 좋은 동네카페 온아워오프 최고에요!,,2024년 6월 22일 토요일,1번째 방문,영수증
온아워오프,"카페,디저트",,,,신바람난,https://m.place.naver.com/my/5e047f058f87a842bcba1ccf/review?v=2,489,24.0,,"버터스탈 소금빵으로 담백보다 바삭. 버터풍미가 있어요.
샌드위치는 넘 맛있어서 매일 한끼 먹을 수 있을듯
소금빵 직접 만든다는데
하나만 패려나봐요.
자몽에이드도 다른 집이랑 틀려요. 상큼달콤
강추입니다.",,2024년 4월 5일 금요일,1번째 방문,영수증
온아워오프,"카페,디저트",,,,찐맛집저장소,https://m.place.naver.com/my/5ddb98969ec8258e4aaaaaf5/review?v=2,24,,,"집앞에 생긴뒤로 부모님이랑 자주 가는 카페임. 사장님이 빵도 직접 구우셔서 빵 맛도 진짜 좋음. 소금빵 킬러인데 완전 취저 제대로임.

어머니도 몇번 가시더니 여기가 커피맛도 좋고 분위기 좋다면서 친구들이랑도 가심.

이 근방 동네 카페중에서는 여기가 원탑임 ㄹㅇ
",,2024년 5월 7일 화요일,1번째 방문,영수증
온아워오프,"카페,디저트",,,,minimal review,https://m.place.naver.com/my/5da5476e8f87a842bc1be876/review?v=2,157,2.0,,공릉역 소금빵 맛집을 찾았어요! 워낙 빵순이라 소금빵 여기저기 많이 먹어봤는데 소금빵샌드위치 완전 맛도리에요~ 메로나 완전 좋아하는데 메론크림라떼 딱 메로나맛있니다 강추~ 아늑하고 음악도 좋고 조용하게 독서하기 좋았어요 :),,2024년 5월 11일 토요일,1번째 방문,영수증
온아워오프,"카페,디저트",,,,hibabyeah,https://m.place.naver.com/my/5dbbcf548f87a842bc42fa28/review?v=2,1142,5.0,,빵들이 맛있어 보여서 와봤는데 소금빵 샌드위치 넘 마싯게 잘 먹었습니당 😋👍🏻 먹기도 편하고 안에 사과씹히는게 너무 맛있었어요... 메론크림라떼도 처음 마셔 봤는데 기대했던 맛 그대로여서 감동 🫢✨ 마늘소금빵도 먹어 보고 싶네요 👀 또 재방문 하러 갈게요~ ,,2024년 5월 7일 화요일,1번째 방문,영수증
온아워오프,"카페,디저트",,,,유콩s,https://m.place.naver.com/my/5ff10e481b69b2cc1fad5a7c/review?v=2,53,,,"키워드를 5개밖에 선택못하는게 너무 아쉬울따름 ,.ㅠㅠ 
소금빵러버인데 진짜 너무 맛있게 먹고왔어요!!!!!!
특히 소금빵샌드위치 기대안했는데 이게 왠걸 안그래도 배고팠는데 한끼뚝딱 헤치우고갑니당!! 인테리어도 너무 이뻐서 햇빛광돌때 사진찍으면 사진건집니다 당장달려가세욧!!!!💓💓💓",,2024년 6월 20일 목요일,1번째 방문,영수증
온아워오프,"카페,디저트",,,,헬렌1,https://m.place.naver.com/my/5ee2ddfe8f87a842bcc87551/review?v=2,96,4.0,,"신랑이랑 데이트 갔어요.
작고 아담하지만 화이트 우드에 깔끔한 인테리어로 눈에 들어오는 카페였어요.
커피와 자두에이드 그리고 샌드위치, 소금빵 포장했는데 테이크아웃 컵과 포장용기도 사랑스러운 곳이에요.
게다가 커피가 진짜 맛있어요 저는 커피 메니아라 뭐 다 맛있다고 하는데 신랑은 커피 약간 불호인데 한모금 마시더니 커피가 이런맛이라면 이제부터 커피마시겠다고 하는거 보면 정말 최고에 라테맛을 자랑하는거더라고요.
자두에이드도 생소했지만 맛은 일품이더라고요 탱글말랑한 자두알맹이와 달콤 탄산이 입에서 톡톡
맛있어요 소금빵과 샌드위치도 신선하고 맛있었어요 울 동네에 있다면 제 아지트 삼고싶었답니다.",,2024년 3월 20일 수요일,1번째 방문,영수증
온아워오프,"카페,디저트",,,,od****,https://m.place.naver.com/my/5ba9cfeba3153f1f04b345d1/review?v=2,434,36.0,,"매장에서 갓구운 소금빵과  달달한 메론크림라떼를 마시러 온 공릉역카페 온아워오프 

공릉에서 만나는 유럽의 작은카페 같은감성의 인테리어에 반하고 감자베이컨 소금빵 샌드위치와 메론크림라떼에  두번반했네요 ~ 
결국 메론크림라떼 에 반해 버터크림라떼도 테이크 아웃해서 왔네요",,2024년 4월 2일 화요일,1번째 방문,영수증
온아워오프,"카페,디저트",,,,까망콩9391,https://m.place.naver.com/my/5c5130a15562d0330dfd8c15/review?v=2,132,1.0,,"오랜만에 혼자 시간을 보내고 싶어 신상카페 찾아서 왔는데 사장님이 샌드위치 추천해주셔서 먹었는데  와..👍👍👍
소금빵 샌드위치는 처음 먹어보았는데 갓 구운 소금빵에 루꼴라 치즈 사과 햄 조합이라 물론 맛없없 조합인데 소스까지 넘나 잘 어울려요!!! 소금빵 자체도 자칫 넘 딱딱하거나 질기기도 한데 그렇지 않고 보송보송 꼬소하니 넘 맛있구요 ❤️ 빵이 맛있으면 커피는 아쉽기 마련인데 약간 커스텀라떼 재질의 카페라떼라 홀짝홀짝 잘 넘어가더라구요^^ 그리고 에그타르트! 아니 나온지 얼마 안된 거 같은데 따뜻하게 먹으라구 따로 데워주시는 친절함은 무어죠? 딱 디저트느낌으로 달콤하니 맛나구요 동영상에 보이는 푸딩 느낌의 에그타르트에요 맛이 없는 게 없네요 남편 데리구 또 올거에요!!!",,2024년 3월 21일 목요일,1번째 방문,영수증
온아워오프,"카페,디저트",,,,mi2****,https://m.place.naver.com/my/65d1928c73736e3dcf43f220/review?v=2,37,,,디저트가 너무 맛있고 음료도 너무 맛있어요👍,"일시적인 오류가 발생했습니다
커피가 맛있어요",2024년 6월 18일 화요일,1번째 방문,영수증
온아워오프,"카페,디저트",,,,스마일9968,https://m.place.naver.com/my/5c5042458bea7379623fba86/review?v=2,65,,,소금빵 샌드위치와 에그타르트가 맛있는 갬성 카페에요! 인테리어가 이쁘고 특히 창가자리가 너무 이뻤어요~~ 커피와 에이드도 맛있었어요,"일시적인 오류가 발생했습니다
디저트가 맛있어요",2024년 4월 13일 토요일,1번째 방문,영수증
온아워오프,"카페,디저트",,,,안쑤우415,https://m.place.naver.com/my/5de33bce9ec8258e4ad4c9a3/review?v=2,233,,,"아기자기하게 예뻐서 들어갔는데 안에는 더 예뻐써요!
커피도 맛있었고 소금빵 샌드위치는 꼭 추천합니다:) 창가자리 앉았는데 날씨 좋은 날 앉기 딱이에여~",,2024년 4월 5일 금요일,1번째 방문,영수증
온아워오프,"카페,디저트",,,,몽심91,https://m.place.naver.com/my/5d458e20bc6b6ca18ef4608d/review?v=2,26,,,"에그마요 소금빵에 에그 듬뿍 들어가 맛있구 카페라떼고 진하고 맛있어요.
매장이 크지는 않지만 깔끔하고 혼자 커피 즐기기 좋아요 추천",,2024년 4월 12일 금요일,1번째 방문,영수증
온아워오프,"카페,디저트",,,,하하살,https://m.place.naver.com/my/61b1ad9882fc7500070dbddb/review?v=2,117,1.0,,"분위기 너무 좋고 시그니처메뉴 특별해요
 버터크림라떼랑 메론크림라떼 마셨는데 계속 생각나는 맛이네요
 소금빵 샌드위치도 겉바속촉 소금빵 제대로고 상콤하고 맛났습니다",,2024년 3월 22일 금요일,1번째 방문,영수증
온아워오프,"카페,디저트",,,,제제엠11,https://m.place.naver.com/my/5efe7adfafcca6e20afd6c9b/review?v=2,18,,,"카페분위기가 너무 좋아 평소에도 가고싶었는데
드디어 방문! 커피도 맛있고 카페도 아늑해서 혼자 시간보내고 오기 좋았어요! 또 방문할게요😄😄","일시적인 오류가 발생했습니다
커피가 맛있어요",2024년 6월 14일 금요일,1번째 방문,영수증
온아워오프,"카페,디저트",,,,jum****,https://m.place.naver.com/my/5df6cc0b8f87a842bce117eb/review?v=2,7,,,"보통 카페를 가면 빵과 커피 둘 다 한번에 맛을 사로잡기가 어려운데 여긴 빵과 커피가 맛있을뿐더러 사장님 두 분 얼굴 구경하러 한번 더 올 것 같아요 ..! 맛있는 카페 왔다가 사장님 두 분 보고 편집샵인줄 알고 잘못 찾아왔나 할 정도로 멋있고 아름다우셨어요 ! 원래 메뉴추천같은건 정말 안하는데 여기 마늘소금빵은 도랏습니다 정말 . 맛있는거 먹을때 말 안하는거 국룰인데 이건 진짜 맛있어서 먹는동안 아무말도 안했는데 , 또 진짜 맛있으니까 마늘빵은 둘이서 1분컷 내고 실컷 수다떨었습니다 🫠
에그타르트도 반 갈라보면 진짜 뽀얗고 식감도 부드럽고 맛있어서 집갈때 남아있는 에그타르트 싹쓸이
했네요 .. 다른 손님분들 제가 가는 날이랑 겹치지
않게 날 잘 잡으셔야겠어요 ~ ",,2024년 3월 8일 금요일,1번째 방문,결제내역
온아워오프,"카페,디저트",,,,크크크8323,https://m.place.naver.com/my/5d1ca99c412b2a2bad5f4f14/review?v=2,30,,,"분위기, 맛 다 잡은 공간 ..!
공릉에 이런 곳이 생겼다니 .. 너무 행복 무조건 또 갑니다
샌드위치 넘 맛있어요...!!
자꾸 생각나는 맛~~~~꼭 드셔주세용",,2024년 3월 16일 토요일,1번째 방문,영수증
온아워오프,"카페,디저트",,,,sun****,https://m.place.naver.com/my/619a056504927f420f0ca715/review?v=2,54,,,"라떼 진짜 인생라떼에요🤍 너무 맛있어서 깜짝놀랐어요ㅠㅠ 그리고 칠리치즈소세지 소금빵 다들 꼭 먹어보시길…. 가게도 이쁘고 음료, 빵 다 진짜 맛있어서 공릉 핫플 예약일거같아요ㅎㅎㅎㅎ☺️",,2024년 3월 16일 토요일,1번째 방문,영수증
온아워오프,"카페,디저트",,,,쭈닝96,https://m.place.naver.com/my/5efe6388bf28894a92887049/review?v=2,354,,,근처 카페 찾아보다가 가게 되었는데 디저트 음료 모두 다 맛있고 반려동물 동반이라 좋았습니다!! 카페도 예쁘고 아늑하고 사장님들도 친절하세요! 다음에 또 방문할게요👍🏻,,2024년 3월 16일 토요일,1번째 방문,결제내역
온아워오프,"카페,디저트",,,,Mydreameruza,https://m.place.naver.com/my/6440e4ef1438fc3a9c7749e0/review?v=2,136,,,"공릉동 카페에서 소금빵 맛집이 여기말고 또 있을까요?
냄새에 홀려서 들어갔다가 소금빵 두개나 먹어버렸어여…. ",,2024년 5월 21일 화요일,1번째 방문,영수증
온아워오프,"카페,디저트",,,,joo****,https://m.place.naver.com/my/615156be82fc75000709b0c5/review?v=2,1,,,"남자친구랑 두번째 방문이에요!!
둘 다 커피를 잘 안 먹는데도 음료 다 맛있고 특히 메론크림라떼가 진짜!!! 커피에 메로나 녹인 맛..?💚 메론크림라떼 또 생각나서 왔어요ㅎㅎ
디저트 메뉴는 기본 소금빵부터 소금빵샌드위치도 있고 에그마요, 마늘크림, 앙금생크림, 등 다양한 맛으로 있던데 하나씩 다 먹어보고싶더라구요!!
저번엔 마늘크림소금빵이랑 소금빵샌드위치 먹어봤는데 넘 맛있었어요😋 오늘은 새로나온 칠리치즈소세지 소금빵 먹어봤는데 소금빵+피자소세지빵 느낌? 진짜너무 맛있숩니다.. 사장님 부부가 비주얼도 장난아니신데 완즌 맛잘알이신듯🫢
카페 내부가 따뜻한 색이라서 햇빛 드니까 더 분위기있었고 전체적으로 편안한 분위기였어요!
공릉 오면 꼭 와봤으면 하는 카페 1️⃣위‼️
조만간 또 와서 메뉴 싹 정복하겠습니다😎",,2024년 3월 14일 목요일,1번째 방문,영수증
온아워오프,"카페,디저트",,,,East down,https://m.place.naver.com/my/5f0575be34a524e70c5bfd8a/review?v=2,9,,,"공릉 데이트겸 카페 찾아보다가 신상카페가 있길래 가봤어요. 마침 오늘 소금빵 메뉴도 새로 나와서 먹오봤는데 겉바속촉…🥐🥖너무 맛있어요 !!
그리고 무엇보다 메론크림 라떼랑 버터크림 라떼는 진짜 제 취향… 아무튼 사장님 두분도 친절하시고 맛도 친절하고 카페 내부도 아늑해서 여자친구랑 따뜻하게 데이트하고 갑니다 !! 공릉오면 여기 생각만 납니다 ㅎㅎ. 또 올게요 😊",,2024년 2월 7일 수요일,1번째 방문,영수증
온아워오프,"카페,디저트",,,,ssongda12,https://m.place.naver.com/my/5e66c8f18f87a842bcab75b3/review?v=2,1688,20.0,,"커피도 맛있지만 소금빵 맛집입니다
또생각나네요^^","일시적인 오류가 발생했습니다
커피가 맛있어요",2024년 6월 1일 토요일,1번째 방문,영수증
온아워오프,"카페,디저트",,,,조유성이,https://m.place.naver.com/my/5f39ca29a602e98f56b2a836/review?v=2,18,,,"사장님 두 분 다 스타일리쉬 하셔서 그런지 매장 분위기가 너무 예쁘고 
여기 소금빵 샌드위치 원탑입니다..
그리고 갓만든 에그타르트 주셨는데 
그것도 안 먹으면 후회할 뻔 했네요
커피는 물론이고 상큼한 거 좋아하시면 자두에이드 추천입니다 ! 공릉동 사시는 분들 부럽습니다🥲",,2024년 2월 7일 수요일,1번째 방문,영수증
온아워오프,"카페,디저트",,,,kong5791,https://m.place.naver.com/my/5c2b816e8eeb06bdcfb380a4/review?v=2,77,8.0,,"예쁜카페 발견해서 가야지 했다가 방문했어요!
창가자리가 넘 예뻐서 아이랑 앉았는데 창이 크고 트여서 넘 기분 좋더라구요!
도로가이지만 차가 많이 다니는 곳이 아니라 창 열고 있어도 괜찮았어요ㅎㅎ
다음엔 다른 소금빵도 먹어보고싶어요😊",,2024년 3월 5일 화요일,1번째 방문,결제내역
온아워오프,"카페,디저트",,,,gh0726,https://m.place.naver.com/my/5c600ecab7d4a46718f14ca6/review?v=2,16,,,"지나가다가 예쁜 카페가 보이길래 친구랑 들어가볼까?하고 들어갔는데 깔끔하고 아기자기한 분위기가 정말 맘에 들었어요 !
아메리카노랑 디저트로 피자타르트랑 밤마들렌 같이 먹었는데 너무너무 맛있어서 다른 메뉴도 도장깨기 하고싶어요 😋😋
사장님도 넘 친절하시고 들어보니까 오픈한지 얼마 안되셨다고 하시드라구요 :) 이런 카페가 생겨서 너무 좋네요
앞으로 자주 방문 할 거 같아요😆!!",,2024년 2월 2일 금요일,1번째 방문,영수증
온아워오프,"카페,디저트",,,,gun4,https://m.place.naver.com/my/617765eb004deb56cccf6474/review?v=2,7,,,샌드위치랑 커피가 너무 맛있고 카페도 아늑하고 노래도 잔잔해서 편하게 쉬고 왔어요 🤤 사장님도 친절하게 잘 대해주셔서 너무 좋았습니다 ㅠ 분위기도 커피도 음식들도 하나같이 다 마음에 들어요 ㅜㅠ ,,2024년 3월 14일 목요일,1번째 방문,영수증
온아워오프,"카페,디저트",,,,Yynn030,https://m.place.naver.com/my/5bcad61518410d7f30740ab9/review?v=2,6,,,"우연히 지나가다가 오픈준비하시는거 보고 오픈하면 와봐야겠다 생각하고 오게됐는데 인테리어도 깔끔하고 의자가 귀여워요ㅋㅋ 분위기도 잔잔해서 얘기하기 좋았어요😀
딸기크루아상🍓🥐  말할 필요도 없이 맛있구 피자타르트🍕 메뉴는 처음봐서 먹어봤는데 너무 제 취향이었어요 버터크림라떼도 달달고소하니 맛있었어요💗",,2024년 1월 27일 토요일,1번째 방문,영수증
온아워오프,"카페,디저트",,,,wls****,https://m.place.naver.com/my/5d352887b1dc36278ce63696/review?v=2,12,,,"길가다가 이뻐서 들어갔는데 타르트랑 빵이 맛있어서 포장까지 했어요 ㅜㅜㅜ 음료도 너무 맛있어서 분위기도 너무 좋아서 여자친구랑 하루종일 있을 뻔 했어요 자두에이드랑 딸기라떼 강추.. 무조건 드세요 
빵은 성심당인줄 알았는데 하..이 집이네",,2024년 1월 27일 토요일,1번째 방문,영수증
온아워오프,"카페,디저트",,,,Nanahan,https://m.place.naver.com/my/5df31e298f87a842bcf55370/review?v=2,6,,,"매일 카페 앞 지나다니는데 저녁쯤되면 디저트가 거의 다 나가서 퇴근하고 시간 맞춰서 왔어요!!!!
매장이 너무 깨끗하고 분위기가 좋더라구여
그리구 커피랑 에그타르트 조합이 너무 맛있어요..ㅠㅠ
에그타르트 먹어본곳중에 최고에요🥺💛
",,2024년 2월 6일 화요일,1번째 방문,영수증
온아워오프,"카페,디저트",,,,은서2956,https://m.place.naver.com/my/5d7a0aee8f87a842bc0f3f7e/review?v=2,15,,,여유롭기 즐기기 좋아요! 샌드위치도 맛있어요,"일시적인 오류가 발생했습니다
인테리어가 멋져요",2024년 4월 13일 토요일,1번째 방문,영수증
온아워오프,"카페,디저트",,,,son****,https://m.place.naver.com/my/5f64bc036c3d7f733413f2fd/review?v=2,3,,,"카페라떼는 여태 먹어본거 중에 제일 맛있다.
메론크림라떼는 처음 봐서 궁금해서 시켰는데 커피랑 메론 조합이 생각보다 너무 좋아서 다 마셨다 
빵은 사진을 깜빡하고 못 찍어서,, 그치만 너무 맛있었다
또 방문 하고 싶은 곳이다 ! ! ! ! !",,2024년 2월 4일 일요일,1번째 방문,영수증
온아워오프,"카페,디저트",,,,kong5791,https://m.place.naver.com/my/5c2b816e8eeb06bdcfb380a4/review?v=2,77,8.0,,"이 날은 에그타르트도 먹었는데 사진이 없네요ㅠㅠ
소금빵 샌드위치, 마늘빵, 에그타르트 다 맛있더라구요!
커피도 좋아하는 원두향이라 맛있게 먹었어요😀",,2024년 3월 13일 수요일,2번째 방문,결제내역
온아워오프,"카페,디저트",,,,o0o849322,https://m.place.naver.com/my/5d357b0da86eca074f2c27f7/review?v=2,1,,,"지나가다 우연히 방문했는데 
새로 오픈한 카페라고 하시더라고요 
사장님이 너무 친절하시고
커피랑 디저트도 너무 맛있었어요 !
분위기 맛 청결 모든 게 완벽한 곳,,,👍🏻
공간이 편안하고 조용한 분위기라 
혼자 가기도 지인과 함께 가기도 좋을 거 같아 
자주 방문할 거 같아요 ☺️
동네에 이런 보물 같은 곳이 생겨서 너무 좋아요🫶🏻

",,2024년 2월 2일 금요일,1번째 방문,영수증
온아워오프,"카페,디저트",,,,rlt****,https://m.place.naver.com/my/5d79e8b08f87a842bc4133f9/review?v=2,9,,,평소 주말에 혼자 카페가서 책읽는걸 좋아하는데 집앞에 새로 생겨서 와봤어요 메뉴가 다양해서 고민하다 처음보는 모카생크림크루아상하고 루이보스티 에이드 시켜봤는데 되게 맛있었어요! 음악도 잔잔하니 좋고 인테리어도 깔끔해서 혼카 좋아하시는 분들께도 추천드려요,,2024년 1월 27일 토요일,1번째 방문,영수증
온아워오프,"카페,디저트",,,,bawuri,https://m.place.naver.com/my/5fc0c3013522afe6161b499a/review?v=2,1,,,카페라떼 먹어봤는데 맛있네요 ~! 그리고 매장에 에그타르트 있으면 꼭 드셔보세요! 괜찮아요,"일시적인 오류가 발생했습니다
커피가 맛있어요",2024년 4월 10일 수요일,1번째 방문,영수증
온아워오프,"카페,디저트",,,,hea****,https://m.place.naver.com/my/5c6bb2022deaf55c9ba40b6e/review?v=2,96,,,,"일시적인 오류가 발생했습니다
커피가 맛있어요",2024년 6월 18일 화요일,1번째 방문,영수증
온아워오프,"카페,디저트",,,,그냐옹01,https://m.place.naver.com/my/5e5d04818f87a842bc414666/review?v=2,1,,,"소금빵 먹고 싶어서 찾아보다 새로운 카페가 생겼길래 바로 가봤어요 !

오리지널 소금빵은 당연히 맛있고 소금빵 샌드위치, 에그타르트도 맛있더라구요🥺
여기 완전 디저트 맛집인것 같아요

그리고 여기만의 특별한 시그니처 음료도 있고 디저트류도 다양해서 앞으로 자주 방문할 것 같아요 !.!
",,2024년 2월 7일 수요일,1번째 방문,영수증
온아워오프,"카페,디저트",,,,JJJJJ7184,https://m.place.naver.com/my/5bf34617e8455ee09fd8b51c/review?v=2,186,1.0,,"예쁘고 맛있는 카페가 생겨서 좋네요
다 먹어보고 싶어요☺️","일시적인 오류가 발생했습니다
커피가 맛있어요",2024년 1월 27일 토요일,1번째 방문,결제내역
온아워오프,"카페,디저트",,,,liv****,https://m.place.naver.com/my/5ec1258d8f87a842bc4054a3/review?v=2,7,,,"너무 맛있어서 또 와버렸네요~~
에그타르트 아메리카노 세트메뉴 매장에서 먹고~~
포장도 해버렸어요~~


",,2024년 1월 29일 월요일,2번째 방문,영수증
온아워오프,"카페,디저트",,,,dos****,https://m.place.naver.com/my/5be946409263270b99656598/review?v=2,1710,,,굿,,2024년 6월 13일 목요일,2번째 방문,영수증
온아워오프,"카페,디저트",,,,dos****,https://m.place.naver.com/my/5be946409263270b99656598/review?v=2,1710,,,굿,,2024년 5월 31일 금요일,1번째 방문,결제내역
온아워오프,"카페,디저트",,,,창동폭탄머리,https://m.place.naver.com/my/5f1f833a9ec8258e4a1e884a/review?v=2,5,,,카페도 너무 이쁘고 빵도 너무 맛있어요!,"일시적인 오류가 발생했습니다
커피가 맛있어요",2024년 3월 8일 금요일,1번째 방문,영수증
온아워오프,"카페,디저트",,,,liv****,https://m.place.naver.com/my/5ec1258d8f87a842bc4054a3/review?v=2,7,,,"새로 생겨 다녀왔어요~~
라떼가 너무 고소하고 맛있네요~~
생딸기 크루아상은 완벽해요~~
다른 것도 맛있어 보이는데 다음에 먹어볼게요~~


",,2024년 1월 28일 일요일,1번째 방문,영수증
온아워오프,"카페,디저트",,,,liv****,https://m.place.naver.com/my/5ec1258d8f87a842bc4054a3/review?v=2,7,,,"새로운 메뉴가 있어서 먹어봤는데 너무 맛있었어요!
소금빵 샌드위치..미쳤ㅇ🫶
","일시적인 오류가 발생했습니다
특별한 메뉴가 있어요",2024년 2월 15일 목요일,3번째 방문,영수증
온아워오프,"카페,디저트",,,,올리브 77,https://m.place.naver.com/my/5c5b12c066e658c96b733a70/review?v=2,1558,,,"작은 듯 조용한 카페
","일시적인 오류가 발생했습니다
커피가 맛있어요",2024년 5월 24일 금요일,1번째 방문,결제내역
온아워오프,"카페,디저트",,,,hg****,https://m.place.naver.com/my/5bfa4a581828b00cbfd0cc9f/review?v=2,4,,,"음료도 디저트도 다양하게 시켜서 포장해서 
먹었는데 굳
크루아상 결 살아있음. 직접 만든 빵이라 맛있음","일시적인 오류가 발생했습니다
친절해요",2024년 1월 28일 일요일,1번째 방문,영수증
온아워오프,"카페,디저트",,,,jjingi,https://m.place.naver.com/my/5d5b292bdfc953708b170ef4/review?v=2,13,,,,"일시적인 오류가 발생했습니다
커피가 맛있어요",2024년 3월 27일 수요일,1번째 방문,영수증
온아워오프,"카페,디저트",,,,고구마100개75,https://m.place.naver.com/my/5efe5dacbf28894a9288680d/review?v=2,1031,,,지인이랑 다녀왔어요.,,2024년 2월 3일 토요일,1번째 방문,영수증
온아워오프,"카페,디저트",,,,epg****,https://m.place.naver.com/my/5d11cf585868d438fb1f4365/review?v=2,1774,,,바로나온 소금빵 너뮤맛나요,,2024년 6월 19일 수요일,2번째 방문,영수증
온아워오프,"카페,디저트",,,,epg****,https://m.place.naver.com/my/5d11cf585868d438fb1f4365/review?v=2,1774,,,소금빵 맛있어요,,2024년 6월 7일 금요일,1번째 방문,영수증
